sender,subject,body
security-alert@paypa1-update-account.cc,URGENT: Your PayPal account has been suspended!,Dear Customer, We detected an unauthorized login attempt from an unknown device in Moscow. Verify your identity immediately within 24 hours at http://paypa1-security-verification.cc/login to avoid legal penalty.
no-reply@zoom.us,Invitation: Cyber Defense Project Weekly Standup,Hi Team, You have been invited to the upcoming Zoom meeting: Machine Learning Cyber Defense Architecture Review on Thursday at 3:00 PM. Meeting ID: 894 1234 5678.
ceo.office@executive-board-urgent.xyz,CONFIDENTIAL: Immediate Wire Transfer Request for Acquisition,I am currently in an executive board meeting and cannot take calls. Wire $68500 immediately to vendor escrow account #8948234 for urgent contract closing.
shipment-tracking@amazon.com,Your Amazon.com order #112-9847291 has shipped,Hello, Your package containing Data Science & Machine Learning Handbook has shipped via Amazon Logistics and is scheduled to arrive on Friday.
billing-dept@netflix-subscription-renew.net,Final Notice: Your Netflix subscription renewal payment has failed,We were unable to process your monthly membership payment. Your subscription will be cancelled in 12 hours unless you update your credit card details immediately at http://netflix-billing-update.cc/portal.
hr-notifications@corporate-enterprise.com,HR Announcement: Annual Health Insurance Open Enrollment,Dear Employees, Annual open enrollment for health insurance plans begins next Monday. Informational sessions will be held on Microsoft Teams.
lottery-claims@google-winner-intl.top,CONGRATULATIONS: You won $1,000,000 in Google Promo!,You have been selected as the grand prize winner. Reply with your bank account number and Social Security Number to claim your reward immediately.
git-support@github.com,Your monthly GitHub billing receipt,Your monthly GitHub billing receipt is ready. Total charged: $4.00. Thank you for using GitHub Pro.
support@coinbase-wallet-security.xyz,URGENT: Verify your 12-word seed phrase now,To prevent account lockout after the upcoming hard fork submit your 12-word seed recovery phrase at http://coinbase-seed-recovery.xyz.
jira-cloud@atlassian.net,Your weekly Jira project sprint summary,Your weekly sprint summary is ready. 14 issues closed, 3 pending review.
